ntasks,kw_stat,p_value
2,0.0,1.0
4,0.0,1.0
8,0.0,1.0
16,0.0,1.0
32,0.00019013958411629914,0.9999993027270084
64,0.0013961582563358156,0.9999861312000338
