ntasks,kw_stat,p_value
2,0.0,1.0
4,0.0,1.0
8,0.0,1.0
16,0.0,1.0
32,2.6191559647697815,0.454141151604201
64,33.82141626113398,2.1608426734064429e-07
