ntasks,kw_stat,p_value
2,15.858470488081727,0.0012123171407058095
4,29.96220757755554,1.4055506015081446e-06
8,77.9419942297659,8.480185733352877e-17
16,194.97822266002726,5.1305099138705475e-42
32,347.8227435715413,4.4168557005780114e-75
64,594.663579472696,1.4462675473994481e-128
