ntasks,kw_stat,p_value
2,,
4,,
8,,
16,,
32,,
64,3.027667984260926,0.38737895817508594
